dv_1,dv_2,dv_3,dv_4,dv_5,dv_6,dv_7,dv_8,out_1,out_2
0.375794722,0.211876349,0.898145841,0.928340625,0.958268912,0.19509412,0.645973939,0.411458028,0.700690999,0.31499136
0.665002215,0.078900272,0.031034767,0.528967218,0.80229966,0.201697009,0.435238357,0.659282559,0.395284895,0.606765564
0.576072647,0.346884378,0.574553947,0.401320781,0.798266913,0.569118302,0.777570831,0.04512855,0.06514635,0.058496605
0.44811272,0.962831903,0.136331842,0.56044602,0.895814614,0.603090875,0.185360802,0.75692996,0.017146233,0.379250338
0.928482872,0.382189794,0.938551391,0.687961943,0.66568192,0.106685699,0.965463251,0.081791781,0.45737882,0.603074562
0.400959245,0.427699336,0.228971772,0.770237705,0.183624262,0.469270503,0.146922094,0.689077415,0.723735576,0.475182523
0.284644738,0.966069221,0.939299982,0.479050172,0.158770715,0.678964771,0.330734037,0.564228204,0.537726518,0.579082042
0.270333869,0.839907155,0.036763654,0.759441406,0.40946904,0.823365544,0.261814263,0.270514187,0.831996737,0.556621861
0.085127183,0.751786901,0.803917516,0.26760786,0.854372231,0.468464233,0.233016359,0.031230563,0.542384327,0.511105896
0.385694991,0.536164452,0.424511485,0.86089029,0.780862077,0.249962016,0.559794276,0.60065286,0.315960805,0.211284904
0.913044108,0.374343463,0.517178052,0.290675097,0.201626996,0.688358856,0.784472092,0.202484887,0.434442753,0.97872106
0.778692063,0.902505755,0.355736622,0.289127342,0.165558773,0.494609959,0.492698161,0.552103891,0.674984862,0.836688099
0.650663762,0.502103351,0.192135986,0.324725003,0.767774805,0.543882032,0.561401186,0.410505794,0.435731706,0.061497876
0.533463375,0.460331437,0.335815067,0.527265689,0.627555791,0.843120391,0.968282301,0.106949296,0.43448001,0.986224576
0.356764592,0.582147314,0.029061039,0.75025658,0.519892801,0.944258398,0.301179531,0.454513909,0.410375811,0.174384406
0.903256302,0.187016346,0.408776528,0.578949593,0.144422079,0.392379501,0.95076976,0.142516229,0.710187646,0.477280567
0.431820251,0.969613216,0.202836313,0.219403307,0.902072791,0.637076767,0.470416584,0.12254719,0.22378875,0.722610198
0.201069511,0.104416954,0.545640633,0.384085456,0.141008727,0.320535853,0.035696649,0.015544808,0.10779743,0.439940501
0.592930152,0.791227365,0.415519159,0.214218744,0.228455565,0.564547175,0.8505409,0.881749404,0.923504386,0.081998843
0.798167231,0.644068977,0.313597251,0.537085973,0.37280585,0.674853765,0.83919642,0.252690746,0.206642126,0.395725405
0.684768112,0.344882548,0.962314148,0.372631978,0.844660133,0.225466583,0.545661071,0.524641492,0.760013559,0.2000115
0.576334461,0.614138663,0.155528902,0.615548966,0.138338576,0.483345667,0.300800253,0.699616674,0.558237417,0.753266701
0.378475161,0.451653774,0.876074708,0.331996457,0.045558552,0.928909027,0.61852594,0.213052391,0.374092818,0.239264013
0.266026943,0.578441031,0.193125495,0.215004451,0.914921813,0.583254047,0.01543768,0.386696888,0.680294241,0.218208784
0.858257998,0.451225126,0.456366969,0.486320131,0.027373767,0.048733894,0.066897263,0.033473647,0.618497248,0.414828276
0.524100172,0.912062654,0.677879253,0.393803422,0.817727709,0.715515826,0.857789506,0.154451753,0.156433813,0.08469205
0.02715014,0.301121291,0.300949719,0.982122684,0.711939347,0.43013192,0.350408647,0.704133023,0.444543952,0.54089739
0.586398191,0.659546082,0.425763907,0.652244851,0.417942534,0.17882314,0.434264319,0.445020639,0.788457021,0.689974242
0.001970433,0.147573177,0.987849565,0.033733083,0.908322367,0.572185039,0.800973166,0.912990127,0.080677407,0.349320957
0.9706994,0.41527337,0.113332128,0.77598667,0.84766751,0.308057903,0.092932472,0.529199508,0.868063806,0.539134538
0.206468888,0.45141776,0.860203814,0.976287247,0.185289651,0.918353946,0.261071401,0.450639755,0.701884543,0.999964717
0.679881707,0.979149313,0.348247691,0.821968584,0.447259851,0.477000289,0.247490073,0.616781801,0.831440125,0.610344761
0.791454594,0.525570958,0.654060162,0.114755962,0.814021636,0.37817789,0.88419636,0.910061319,0.535173361,0.023428919
0.867144908,0.19665297,0.039899384,0.752236244,0.244989845,0.169937353,0.448620999,0.323623179,0.23253398,0.261382577
0.470874239,0.116122507,0.158901773,0.886287043,0.482308899,0.509544843,0.583457971,0.152221818,0.342061998,0.444183222
0.143400879,0.201904413,0.399779587,0.634806799,0.759098034,0.229422136,0.352278918,0.257870746,0.915504201,0.045468015
0.596145977,0.756529931,0.380987483,0.502932467,0.459686869,0.744684537,0.313992607,0.621830028,0.972570665,0.044483675
0.487945214,0.503091674,0.533831013,0.975623278,0.622732466,0.162907059,0.482582347,0.767688989,0.076733722,0.984491932
0.607615979,0.353929497,0.485805613,0.267658661,0.457559144,0.405754758,0.350723714,0.117000446,0.282968183,0.895704101
0.775553507,0.768062891,0.390001489,0.041021617,0.273921844,0.321784273,0.164109234,0.446769991,0.616420867,0.125125435
0.837700695,0.537602103,0.999497965,0.419139193,0.643787358,0.370117109,0.709032641,0.930585882,0.472123707,0.690013566
0.078015457,0.344818849,0.400066871,0.212823,0.811352711,0.534270418,0.702238527,0.728027797,0.152322223,0.695084831
0.006183123,0.812130969,0.249184614,0.443968635,0.910070815,0.090228227,0.357157917,0.78389685,0.616701406,0.577660121
0.007078733,0.5106383,0.468244032,0.285893051,0.044789564,0.28217569,0.572788036,0.822837957,0.252285284,0.273778893
0.332403784,0.453569119,0.595643011,0.246929725,0.296361932,0.69071016,0.092296076,0.146954863,0.110051375,0.079309383
0.346169514,0.03785028,0.177914218,0.016656133,0.640364076,0.569622451,0.040774088,0.62976271,0.036827977,0.170825076
0.5882162,0.94188529,0.402384567,0.794391836,0.995013342,0.790594577,0.05004324,0.424200577,0.988992807,0.177875254
0.565644795,0.887033604,0.070709394,0.003695918,0.487139905,0.219670455,0.258606645,0.78461934,0.217328834,0.766894248
0.509091183,0.678289028,0.21965665,0.2820411,0.88871708,0.875090148,0.168985147,0.791215209,0.279255121,0.895779164
0.732319705,0.842115754,0.922882581,0.410799358,0.296119414,0.670863743,0.139605644,0.570477127,0.159233728,0.088545898
0.743228849,0.019449342,0.704279697,0.187401925,0.677476476,0.105547308,0.98869094,0.096094228,0.975813803,0.352955745
0.818937491,0.446384982,0.636239637,0.63148407,0.857128044,0.747826786,0.511598169,0.901083352,0.025641941,0.977380147
0.971092225,0.965664772,0.798607993,0.059030596,0.810253539,0.002895096,0.686625862,0.323379053,0.972833324,0.987215401
0.88532615,0.385294138,0.241326937,0.791478002,0.32724315,0.417856564,0.778574659,0.169006993,0.352739116,0.684723548
0.811427148,0.247370933,0.598473656,0.772895979,0.019564674,0.025508874,0.508146879,0.823720128,0.476489028,0.048121643
0.031221582,0.833187373,0.439589022,0.907859824,0.154098391,0.739369708,0.787270569,0.204338325,0.467325378,0.79146495
0.777132741,0.242417206,0.748221221,0.398958485,0.819646629,0.290182487,0.115958336,0.796298031,0.498416182,0.35080957
0.068620945,0.327526125,0.574419149,0.818451117,0.035352701,0.445669483,0.502883594,0.743469332,0.305489489,0.238767157
0.978286667,0.738964323,0.962630897,0.364904936,0.969402513,0.183490919,0.940606414,0.707158958,0.69744221,0.757639493
0.295924943,0.676723937,0.076088481,0.342265487,0.119413176,0.802911872,0.690765122,0.686296507,0.454421158,0.678559224
0.267054432,0.708978782,0.2967097,0.477817434,0.407153613,0.080921964,0.323845842,0.538860745,0.592558106,0.745747853
0.054100472,0.985866546,0.494115913,0.070455113,0.60419095,0.752773723,0.102171548,0.692345209,0.965382464,0.710984829
0.19264551,0.963686584,0.385521607,0.378796452,0.903413114,0.829882015,0.458580421,0.163485507,0.941324737,0.080230632
0.137397678,0.602538933,0.381879634,0.048946898,0.265301071,0.065435583,0.028724182,0.962812348,0.139703945,0.545495625
0.51345228,0.889916432,0.235080482,0.721296665,0.09869798,0.452828033,0.906723371,0.057011255,0.537165536,0.131193836
0.839478359,0.316335344,0.832587079,0.123954003,0.96481989,0.365371744,0.503013713,0.179547374,0.03751275,0.349218294
0.735531099,0.956273276,0.179231017,0.252301654,0.728686527,0.229179907,0.25511035,0.249991648,0.930964251,0.968799096
0.064171353,0.291494437,0.657092511,0.667926598,0.856469623,0.309624509,0.910723895,0.757897395,0.530689608,0.59020247
0.399870744,0.50661089,0.831434418,0.758917301,0.009922137,0.862475384,0.103276172,0.008527365,0.75664301,0.600276079
0.381219915,0.0512983,0.785357735,0.26333406,0.573867862,0.125685202,0.813463514,0.51567571,0.570407994,0.11831165
0.479010452,0.566244457,0.775982117,0.131395626,0.837539533,0.179375191,0.422806921,0.344086729,0.277732741,0.682594067
0.144028612,0.212184005,0.520423848,0.543515831,0.005168474,0.589574645,0.26552723,0.141427342,0.38275818,0.073639389
0.460691588,0.674789238,0.44993655,0.420704176,0.340393708,0.367661522,0.187113819,0.46815463,0.701423106,0.930833642
0.31423451,0.062353684,0.723889827,0.193778148,0.493599669,0.72207122,0.009633037,0.865379534,0.665067772,0.005269045
0.338356633,0.505071181,0.98810703,0.937335641,0.111858124,0.902077881,0.829306698,0.496333149,0.29763846,0.402990606
0.564367314,0.401682926,0.516800442,0.763977328,0.202918324,0.304689545,0.269259612,0.972064996,0.306095334,0.435153847
0.301299316,0.994325507,0.169477213,0.783341883,0.904088176,0.269668298,0.322569639,0.919753994,0.520558392,0.216289099
0.006790121,0.092891924,0.650065534,0.790552608,0.930366266,0.67441316,0.142742132,0.537040277,0.71612821,0.752748038
0.057843921,0.206376548,0.567744248,0.307929922,0.195411952,0.798769365,0.759847201,0.675260318,0.154918254,0.781354355
0.210534715,0.174440457,0.045719533,0.705672739,0.827842616,0.580729906,0.147418711,0.833197601,0.804498216,0.188539912
0.605980032,0.032062162,0.388848393,0.675582832,0.218137024,0.331218052,0.086555483,0.391577533,0.818708745,0.489720895
0.36931426,0.540039501,0.428927252,0.467333929,0.645798032,0.868489299,0.924312219,0.711148931,0.969194719,0.351730201
0.68875117,0.477195878,0.149532283,0.074136275,0.186431402,0.470707318,0.930006573,0.668437169,0.302892642,0.802652467
0.355238987,0.695472439,0.72282873,0.490994172,0.702232935,0.270673749,0.437711474,0.335590218,0.077484829,0.73234768
0.478457028,0.922063375,0.764645724,0.824699694,0.652260517,0.780029156,0.694934733,0.554524538,0.108410176,0.888923656
0.78339216,0.887563174,0.66923025,0.582523456,0.676050645,0.63199124,0.065633972,0.693235177,0.890579658,0.036232496
0.572712394,0.123167566,0.795534996,0.839104971,0.263171584,0.823728304,0.081551931,0.929089999,0.649137107,0.272202568
0.847566336,0.297583953,0.987541387,0.825217001,0.376482264,0.537414394,0.273759289,0.193224765,0.209618216,0.758540887
0.826784707,0.843232965,0.666803489,0.070596378,0.704609413,0.933279542,0.897764698,0.358180002,0.043025058,0.241171828
0.8178165,0.056173013,0.700997762,0.59448092,0.266854584,0.364850144,0.390488997,0.108189023,0.701850763,0.080263014
0.448279443,0.599616109,0.459759185,0.380936707,0.082380954,0.215885669,0.308715932,0.181257203,0.28614958,0.862236813
0.331874365,0.457738154,0.489814923,0.793992761,0.709670969,0.430218795,0.072862786,0.133490494,0.049613011,0.839099407
0.464347409,0.795227364,0.497242691,0.59608231,0.189801313,0.648863903,0.20592345,0.615181236,0.302094736,0.790621548
0.083721388,0.102671381,0.375388651,0.355146518,0.420495219,0.140366012,0.223794182,0.091914164,0.65401997,0.871964894
0.775967001,0.725824065,0.812352721,0.725693652,0.137065295,0.404279146,0.65152057,0.574527827,0.906619049,0.642391852
0.754835986,0.645190091,0.983266343,0.632758616,0.72008069,0.300847666,0.609321972,0.283371925,0.165317189,0.601326651
0.811648334,0.204855095,0.630577464,0.913704408,0.675399088,0.405826841,0.894901399,0.119151816,0.272782803,0.939692838
0.534601509,0.955438281,0.892508035,0.967894264,0.377793012,0.394449596,0.967124746,0.33348228,0.66775237,0.615406219
0.859236629,0.096885685,0.910288278,0.596900435,0.947597537,0.22787689,0.34143829,0.000190687,0.122799927,0.07443775
0.994691803,0.780432916,0.92400901,0.904724794,0.041782913,0.111667607,0.590077532,0.365508174,0.108371564,0.942367093
0.09092829,0.483818542,0.874266471,0.696931246,0.706067953,0.091054969,0.606898848,0.272541909,0.845254584,0.716453097
0.764252608,0.61756173,0.950877081,0.75233104,0.390242847,0.789446454,0.395750291,6.87635E-05,0.503560483,0.255615413
0.112621491,0.597147785,0.732648063,0.762359411,0.87665051,0.518727914,0.719047743,0.478640148,0.268866018,0.28808778
0.999008101,0.176030476,0.457791043,0.772951808,0.855216055,0.568950489,0.071718814,0.689506973,0.262168288,0.522930451
0.720273473,0.204974549,0.498113632,0.329022364,0.297494078,0.222971514,0.455615045,0.020494649,0.079321379,0.247406112
0.655180946,0.313907228,0.138601551,0.168778851,0.808045381,0.659622719,0.27268727,0.994788289,0.307892039,0.419401686
0.359269765,0.661684225,0.163407476,0.0498503,0.671144069,0.619728377,0.650168298,0.098330972,0.76407434,0.639190811
0.310987605,0.293967854,0.889846598,0.430787013,0.878103712,0.814631597,0.47592221,0.941796876,0.992213981,0.682134822
0.523737082,0.217920599,0.060721,0.704069874,0.728584786,0.587280715,0.156337317,0.817318962,0.165247964,0.010232228
0.303515652,0.904285812,0.528081749,0.490381255,0.336393749,0.78783414,0.8905128,0.429292854,0.228262113,0.308387535
0.844218901,0.386550828,0.305860581,0.230748011,0.541366776,0.098163197,0.022169285,0.968987393,0.926576021,0.296125825
0.370647354,0.969123703,0.823779498,0.805853488,0.104888094,0.026198501,0.661239069,0.530608938,0.805313014,0.761756649
0.230159685,0.130044773,0.918363283,0.757035316,0.132552726,0.550739722,0.815952422,0.723551335,0.945923261,0.336179624
0.612803311,0.954369527,0.813206017,0.130612249,0.077455319,0.777144115,0.094389889,0.298184801,0.984643058,0.110215865
0.940593745,0.838050321,0.801974266,0.443559668,0.0288237,0.192432465,0.618007552,0.621261921,0.481406806,0.511993515
0.630960055,0.997771852,0.848991389,0.972648226,0.169410962,0.713230228,0.382083166,0.999183664,0.819439408,0.231039395
0.352555064,0.272072828,0.345237363,0.040052666,0.85945045,0.879245496,0.978984171,0.418472888,0.255185028,0.589155436
0.379568139,0.990945287,0.046699377,0.86849809,0.314634424,0.814594497,0.381291826,0.968733886,0.632305251,0.854514816
0.731478032,0.571577595,0.118991044,0.111443054,0.210803095,0.587673976,0.587773928,0.411248242,0.86842254,0.561109845
0.633951108,0.634466476,0.097140991,0.943020527,0.325905371,0.075885348,0.017521359,0.762241383,0.539180574,0.225735343
0.245247658,0.090722307,0.617846735,0.081326279,0.334274492,0.311959706,0.122660035,0.059262175,0.361962585,0.812961563
0.039721054,0.720881537,0.931937484,0.407070452,0.199007814,0.341274585,0.883852071,0.063778693,0.046325637,0.82328478
0.974059811,0.357138101,0.408175855,0.686781589,0.216947304,0.033840812,0.580046491,0.628267901,0.857489995,0.258439533
0.02736221,0.780896084,0.819613867,0.896221881,0.587238799,0.784537196,0.857797064,0.848428384,0.424713185,0.892235392
0.968784386,0.219866326,0.766881323,0.30908889,0.787130291,0.24861338,0.205826159,0.969584453,0.729823171,0.706175844
0.591456953,0.172341805,0.32934464,0.505190768,0.710271962,0.976011133,0.619089087,0.903128138,0.49269423,0.30765122
0.974420458,0.090431342,0.114298541,0.937498067,0.203180755,0.574457839,0.491526386,0.700703585,0.673354526,0.063650205
0.532506741,0.779667887,0.802329189,0.58847318,0.075271908,0.153751037,0.923473118,0.53381603,0.409425706,0.336811798
0.873226125,0.959244461,0.224404116,0.195568345,0.993817433,0.617514191,0.243186315,0.755808001,0.819867183,0.326902457
0.52865339,0.263697104,0.963759344,0.326390637,0.048200214,0.032161695,0.501684982,0.448415538,0.395390287,0.06266434
0.087142266,0.948607318,0.557787221,0.774933521,0.844710781,0.074561577,0.586194263,0.740137742,0.939397937,0.820322624
0.591568972,0.746336986,0.271952119,0.225867207,0.539759139,0.443293728,0.776363167,0.141334525,0.024802899,0.829171395
0.142667065,0.229204197,0.87140715,0.71576723,0.121608322,0.711556731,0.58829866,0.294473459,0.680533455,0.483793493
0.783755437,0.532929782,0.798909605,0.060746677,0.530867697,0.745269457,0.272559223,0.288066922,0.231705789,0.565537255
0.295198058,0.068338735,0.400056163,0.237727825,0.344527929,0.689822106,0.519730368,0.291533038,0.106243213,0.877132073
0.073453401,0.450561178,0.139617113,0.312315193,0.555483266,0.006549454,0.464948667,0.569958603,0.085672479,0.942855653
0.566987362,0.146990632,0.385198166,0.554659013,0.039170582,0.585300108,0.043510284,0.683775426,0.617887242,0.04327547
0.858337855,0.427690079,0.822393545,0.522264693,0.530366645,0.924991721,0.138342563,0.480351482,0.893310447,0.877704933
0.149740021,0.29433338,0.393884616,0.78630927,0.749728141,0.371554276,0.748743716,0.228240198,0.64261173,0.26015819
0.781097285,0.608883627,0.194819753,0.265999624,0.103561577,0.099073841,0.598024991,0.151830085,0.116410202,0.27944711
0.997891349,0.406013084,0.82506869,0.561985768,0.703310277,0.52540777,0.657960025,0.108176382,0.12184853,0.556520286
0.090624918,0.994469407,0.551410853,0.360659915,0.992755434,0.294409702,0.966223494,0.582262047,0.463838258,0.304898645
0.588116229,0.754305734,0.80500833,0.124250062,0.295397236,0.604565022,0.814084329,0.551641381,0.084662239,0.767427658
0.65035147,0.585222716,0.632878992,0.211389298,0.163213123,0.661823479,0.531871416,0.750742472,0.818171628,0.583732099
0.441107691,0.957344406,0.282238488,0.140486811,0.142589129,0.842224948,0.120202483,0.052555518,0.88844843,0.352258622
0.471582227,0.000473581,0.704970759,0.408405677,0.608075892,0.825103152,0.688463023,0.92182606,0.633714443,0.970635042
0.164172606,0.990743003,0.118189553,0.047828597,0.70133293,0.952737866,0.899285058,0.894268507,0.174474384,0.826044093
0.696199648,0.023169693,0.928477609,0.436652813,0.442523543,0.588632652,0.726627054,0.687849864,0.182459872,0.194386859
0.026501239,0.544112485,0.174141269,0.795611125,0.36345617,0.975917033,0.196487732,0.570596012,0.027340933,0.82874457
0.751780817,0.240835368,0.896132133,0.662842822,0.746549497,0.334896665,0.381954417,0.418614586,0.995650919,0.776443299
0.815864594,0.035654908,0.026367684,0.729749259,0.703588396,0.265022748,0.028140425,0.160978208,0.540944205,0.369389926
0.528999594,0.602165918,0.317813799,0.102932957,0.941694094,0.041037955,0.628687991,0.210576065,0.046054721,0.629910386
0.661798247,0.551029711,0.400878273,0.723569613,0.490435995,0.552401879,0.682037136,0.547745555,0.224736764,0.634801117
0.008531904,0.77358273,0.599032196,0.843700837,0.994838492,0.45647093,0.902477989,0.102708691,0.897671277,0.627940611
0.376800223,0.301936992,0.439592955,0.439616518,0.311930159,0.354318431,0.289580153,0.399451636,0.211187243,0.627656741
0.145685682,0.021436982,0.366125907,0.167742697,0.442095381,0.495594216,0.753013139,0.819075462,0.883732848,0.279722023
0.512208724,0.101166104,0.085617623,0.041789715,0.992294069,0.636976612,0.903298474,0.383203426,0.384526889,0.073703743
0.994935146,0.292777446,0.482560465,0.919850482,0.288200229,0.450103,0.695460745,0.414511752,0.793256262,0.373802418
0.45071411,0.981175934,0.918809013,0.446956076,0.341456792,0.076362226,0.562758487,0.250681008,0.260302275,0.918257358
0.20911398,0.025945658,0.448595954,0.442996133,0.92606999,0.559383575,0.000910103,0.777996766,0.762902434,0.132734165
0.018642222,0.155132628,0.803429013,0.103168832,0.000946648,0.941535457,0.695818593,0.312336122,0.856994473,0.252149057
0.752609989,0.341585637,0.312746328,0.770487939,0.916998589,0.401483227,0.34046289,0.363549585,0.4861047,0.955465132
0.22041908,0.820490387,0.85442635,0.981451942,0.939247312,0.010794521,0.592894033,0.938231256,0.321012858,0.342826805
0.799735314,0.842971745,0.604734895,0.698363454,0.155936817,0.018637986,0.476735793,0.570869511,0.889612281,0.630424861
0.121091553,0.113781049,0.379129439,0.685125027,0.316537237,0.15022523,0.155124494,0.469174281,0.093878073,0.761892467
0.536678909,0.473811625,0.461200866,0.33827654,0.3100553,0.736810569,0.003529301,0.960522965,0.220057791,0.747512959
0.260346295,0.281036187,0.584797161,0.215290164,0.538899072,0.106348905,0.988349698,0.998253434,0.955156774,0.141122159
0.349370408,0.976134319,0.900962637,0.424140688,0.799910771,0.354362039,0.992531915,0.228642733,0.317516824,0.686910219
0.105944079,0.38478237,0.029723322,0.860928914,0.966258778,0.883362832,0.387141371,0.414928735,0.388260203,0.931724467
0.41010009,0.7619105,0.821873975,0.898769348,0.343165279,0.1349797,0.133592404,0.890478488,0.243141161,0.207982147
0.834036881,0.506750645,0.236981537,0.509980176,0.122940184,0.874050696,0.431889141,0.401014261,0.023696188,0.791079623
0.546275597,0.656413748,0.828769675,0.357496867,0.805163259,0.17935585,0.541489952,0.732309312,0.588924446,0.26701351
0.076892923,0.177443558,0.701680771,0.291986898,0.845333533,0.460295354,0.026583492,0.48291486,0.966091076,0.045241609
0.739879551,0.153552229,0.282509967,0.482655067,0.748466496,0.556411496,0.782534126,0.417164613,0.630174249,0.098344739
0.892597674,0.847695431,0.361350927,0.121413108,0.715347646,0.538198068,0.382653779,0.228733009,0.198744365,0.246074682
0.300082795,0.611989392,0.397056032,0.37889379,0.45416494,0.565093698,0.855646157,0.409410301,0.408339745,0.519374675
0.757330752,0.003067706,0.054981444,0.862684685,0.890377874,0.468397335,0.502088003,0.024744,0.746059555,0.811772623
0.590623332,0.830033822,0.35004557,0.938587611,0.98428779,0.939089924,0.371344121,0.926692795,0.301441654,0.170029388
0.835338444,0.852622485,0.823436306,0.923800991,0.457752221,0.282471476,0.763283753,0.1869464,0.384836752,0.474049925
0.082479613,0.553129374,0.827991078,0.607306275,0.430202443,0.809896606,0.846688959,0.927858771,0.809343982,0.419200075
0.444887126,0.14771727,0.645672446,0.438723439,0.851466049,0.996759493,0.137040364,0.15430077,0.653671071,0.293865607
0.741522324,0.388450881,0.083905777,0.583505507,0.610805646,0.939905375,0.70177924,0.130013928,0.994522481,0.169047001
0.148108426,0.007197421,0.625419305,0.884508486,0.870136002,0.441966162,0.29561443,0.232782238,0.847840034,0.134007013
0.990121537,0.602662752,0.583402424,0.598244411,0.489627708,0.253387866,0.216639418,0.69527479,0.570476377,0.390257037
0.808013829,0.773949558,0.148524385,0.749996744,0.225044781,0.248748648,0.050024129,0.42361387,0.7263602,0.150177965
0.84082076,0.195193378,0.242411157,0.74450624,0.913977921,0.139406906,0.195471521,0.973131563,0.745174035,0.694902247
0.971575131,0.155380244,0.087297956,0.719856954,0.031092912,0.294066176,0.0014806,0.665673542,0.149741912,0.579317261
0.098668688,0.772884585,0.003345508,0.348968032,0.620525377,0.351338861,0.013960857,0.692172035,0.926365897,0.821988521
0.460463753,0.23179132,0.850635968,0.957713811,0.01076911,0.888443234,0.70219358,0.727535196,0.75368646,0.66051549
0.820818526,0.505751802,0.81042716,0.078217167,0.170416661,0.302038904,0.648305739,0.007425808,0.471643585,0.432135516
0.59191762,0.410856014,0.223024723,0.011731801,0.87981786,0.532353429,0.582668673,0.761332099,0.54211288,0.734926183
0.440259408,0.170309427,0.474457915,0.216629607,0.58035324,0.780802963,0.094838816,0.550560247,0.200192212,0.896876361
0.335159009,0.787507209,0.446493601,0.328293444,0.850629725,0.538973963,0.059982028,0.035667444,0.474670996,0.599568068
0.179816635,0.355632291,0.776647314,0.337997166,0.343003689,0.591518977,0.694665951,0.193686695,0.465644833,0.810958185
0.81663182,0.867062969,0.45212074,0.568851807,0.600655208,0.546459269,0.829117703,0.334210722,0.142621052,0.527032443
0.974861359,0.548449408,0.84719241,0.997070999,0.672997006,0.786719784,0.840831549,0.868779562,0.182968103,0.356146976
0.545326816,0.095494037,0.356761623,0.655961656,0.693314409,0.971732003,0.626063823,0.368511332,0.392567853,0.781352342
0.953290875,0.499490985,0.414862063,0.188585051,0.788975394,0.166861835,0.985018811,0.478341013,0.36757815,0.785843819
0.299091593,0.036750702,0.005911028,0.715324649,0.062155431,0.952006017,0.073181897,0.224216234,0.558440121,0.460043663
0.40690371,0.609771682,0.559926363,0.361716485,0.865497629,0.868773442,0.284684954,0.75308532,0.168602612,0.352490387
0.261372386,0.308362792,0.091369148,0.344894511,0.275089608,0.450693882,0.536446135,0.805881081,0.49307632,0.212774292
0.572753966,0.42422648,0.325954937,0.346686566,0.945126038,0.054313732,0.133205058,0.545700215,0.069167541,0.873906892
0.221970248,0.235501273,0.138272649,0.962057294,0.436626572,0.754999077,0.951070406,0.865226874,0.603050465,0.127013651
0.345635972,0.728175369,0.568996821,0.878121715,0.786130341,0.133880938,0.84112022,0.686331587,0.811029027,0.471670007
0.798519194,0.483062564,0.48797339,0.284242525,0.171127337,0.961343842,0.9432233,0.008450626,0.051983532,0.086556566
0.27459513,0.473167291,0.730993091,0.027383716,0.919055312,0.871696859,0.308657602,0.818420919,0.332200527,0.854463689
0.059742894,0.372665702,0.726288939,0.156541651,0.607920893,0.44879646,0.824275457,0.071850769,0.44227122,0.609032591
0.294883627,0.485401983,0.99660934,0.88807158,0.79057397,0.853894408,0.847542181,0.75488115,0.430782482,0.00571541
0.406374748,0.294760227,0.109310702,0.380424133,0.607386693,0.167096374,0.580698359,0.834947002,0.11719794,0.531254855
0.742868286,0.09206797,0.545858112,0.211263274,0.935823503,0.600969731,0.125017775,0.807662807,0.542765791,0.74143827
0.045004085,0.539832788,0.998249908,0.941152088,0.661531575,0.816621942,0.119619231,0.738043558,0.35982005,0.716874146
0.127628561,0.55575494,0.568340385,0.116784665,0.877838709,0.723847626,0.99534289,0.57806841,0.858338026,0.044715153
0.044624758,0.568467938,0.658671185,0.252002649,0.948636103,0.417962248,0.072080266,0.205034228,0.359298944,0.528287747
0.908440447,0.796593234,0.322488095,0.951298859,0.469121818,0.632868689,0.64056517,0.280844661,0.542755327,0.036512799
0.794904096,0.14719585,0.258453747,0.92842322,0.131889864,0.741249774,0.174811222,0.231054598,0.183299815,0.450904612
0.621992923,0.375374279,0.273585885,0.353762093,0.029377766,0.156827625,0.24259546,0.600329424,0.442588721,0.488196068
0.783901164,0.543584146,0.209273594,0.388986832,0.794329265,0.424596952,0.441675472,0.82101169,0.552194016,0.464113046
0.526748154,0.968988361,0.315882353,0.092024966,0.975822979,0.748990086,0.279831562,0.086046589,0.176585835,0.331380977
0.80237219,0.532203603,0.588639447,0.120034213,0.797376329,0.538864068,0.660331446,0.274437444,0.389424705,0.590502069
0.093342057,0.555724615,0.921187882,0.032613317,0.275182724,0.667752726,0.358136823,0.61486919,0.351132269,0.567318586
0.659919559,0.176373247,0.476440712,0.038896495,0.120483988,0.690337111,0.350489586,0.364122427,0.53582426,0.450246973
0.820991774,0.258420135,0.642726627,0.492642177,0.80652314,0.143862715,0.720996321,0.195643174,0.896249486,0.435568746
0.32948877,0.142455706,0.192596263,0.040751792,0.560140021,0.311139766,0.789590401,0.751262472,0.237263246,0.204301613
0.390908687,0.876585062,0.419873599,0.182438156,0.545811144,0.049062482,0.776447,0.649447552,0.493553295,0.098839652
0.305305679,0.744276503,0.741229684,0.65138867,0.257201602,0.949112412,0.129670471,0.495875273,0.154524971,0.951194445
0.320469019,0.871655034,0.251035943,0.711434326,0.240163198,0.294285455,0.272313758,0.86804375,0.306084508,0.989656531
0.358834816,0.349315749,0.790601058,0.673523359,0.821520576,0.230598969,0.222406032,0.391270014,0.24223416,0.798292418
0.519274009,0.88006125,0.314115322,0.287792449,0.74472998,0.022168679,0.82941381,0.303716454,0.182789824,0.096188891
0.217505755,0.637707084,0.479245485,0.974006392,0.325621052,0.550435201,0.662501825,0.083736514,0.683077447,0.39828422
0.396054253,0.244022647,0.486820252,0.266720424,0.515840253,0.295634546,0.81405976,0.159219775,0.023205724,0.135536019
0.437888343,0.738142567,0.986176154,0.482273798,0.403017097,0.962291385,0.955015556,0.366258363,0.514339169,0.75338218
0.885010615,0.644267672,0.287809721,0.114307416,0.778257344,0.982813202,0.966857077,0.569896874,0.981574459,0.329773919
0.062382491,0.566928457,0.439603932,0.867351462,0.279723973,0.823019282,0.647181611,0.611071509,0.352511417,0.519983946
0.293318278,0.338494521,0.277792503,0.478039141,0.20949696,0.419141984,0.05279566,0.407211453,0.526752537,0.249025873
0.709443715,0.266393581,0.461852784,0.772741097,0.309294067,0.203423147,0.369174859,0.97407003,0.30283901,0.463856777
0.588550186,0.574546995,0.486360754,0.465470365,0.217645429,0.176368403,0.154708407,0.116454353,0.709750265,0.034376864
0.433212506,0.704600527,0.854177966,0.554594242,0.156619329,0.915677276,0.067414031,0.122555598,0.384775686,0.750038393
0.393686239,0.940631883,0.46448439,0.927282867,0.491439787,0.500481195,0.040338669,0.181707612,0.914233557,0.796597317
0.680999947,0.564855876,0.586798499,0.272457381,0.219432941,0.50195214,0.982573027,0.588572931,0.228005334,0.48105743
0.877506473,0.642943467,0.382026757,0.957703582,0.459597225,0.573670271,0.757186329,0.599718771,0.337007643,0.463356686
0.483045376,0.709956223,0.094354512,0.962925165,0.706665606,0.518903352,0.365005887,0.158951155,0.336250422,0.741476371
0.508287625,0.670533328,0.771096982,0.145500556,0.92560271,0.141649028,0.094698483,0.112816284,0.139456205,0.280406752
0.439455511,0.188017576,0.969520421,0.087514539,0.359962864,0.762683371,0.82737832,0.510061576,0.182746294,0.305203788
0.600496804,0.952081702,0.94927354,0.974012839,0.691756839,0.645468756,0.754691636,0.389835472,0.086665412,0.470889875
0.997011889,0.589320098,0.823820432,0.73862287,0.444842948,0.833636148,0.513324378,0.277424784,0.763572847,0.172124939
0.080452594,0.657365344,0.803700849,0.107579485,0.148220031,0.781681852,0.129544116,0.638232998,0.171694787,0.438778941
0.606279578,0.994532529,0.789512909,0.937026015,0.232146486,0.555317025,0.140247474,0.741826926,0.862519274,0.716549564
0.476084907,0.568745386,0.317442763,0.081591063,0.522959188,0.649112316,0.833499163,0.963517326,0.977870124,0.592220193
0.42864587,0.941264247,0.534299228,0.870849649,0.209059755,0.9822289,0.21962446,0.973691763,0.979145749,0.071250243
0.826818211,0.437813709,0.992587371,0.492288652,0.81487506,0.161826013,0.459795502,0.867685093,0.420159461,0.332571106
0.207899725,0.34587031,0.907645068,0.826895683,0.410033844,0.371236543,0.541968294,0.724976456,0.961134444,0.148343702
0.311602704,0.66025924,0.135187291,0.048211376,0.340037356,0.316677702,0.223209299,0.461744278,0.90855798,0.251286848
0.890976857,0.664841506,0.201132564,0.86212098,0.535624233,0.836119603,0.533948531,0.54202462,0.961582855,0.291498365
0.850149092,0.398060101,0.270009641,0.064982785,0.928028025,0.881520285,0.239693588,0.916751329,0.422095534,0.837448695
0.237893229,0.441987753,0.057704293,0.400554147,0.600170964,0.46852836,0.640189343,0.202191556,0.59166271,0.660297286
0.582620592,0.971887318,0.811369583,0.910134779,0.349405599,0.820456816,0.381054543,0.089310111,0.443752093,0.93649525
0.256164898,0.676006762,0.295291576,0.780965486,0.607055585,0.588499059,0.779754174,0.135665718,0.862416575,0.016422953
0.570061246,0.370855898,0.417602252,0.053828053,0.694444746,0.41446755,0.924314301,0.712634402,0.457974718,0.404067007
0.595557516,0.778667395,0.660855575,0.536062864,0.703164742,0.88177393,0.517656848,0.210750704,0.091051199,0.84328849
0.367317429,0.68628263,0.453262175,0.713192066,0.624531679,0.846838505,0.77487185,0.155879813,0.132873035,0.981847493
0.076744546,0.916061354,0.976202513,0.212904193,0.668887008,0.061294976,0.52925119,0.915255308,0.294032524,0.950921623
0.599560471,0.228689539,0.633760121,0.218595318,0.278693743,0.349192769,0.774238764,0.54747224,0.506479757,0.591270612
0.935088024,0.684867442,0.467566306,0.5552202,0.956414213,0.667408545,0.631543246,0.275689574,0.009381477,0.714245047
0.471003345,0.555516898,0.950921724,0.34360174,0.029526681,0.240613121,0.176420538,0.093660286,0.036130502,0.90971234
0.519411402,0.134133025,0.641847668,0.593373622,0.465253097,0.625195711,0.717254138,0.513590996,0.173174871,0.099859932
0.115560274,0.987391486,0.254821729,0.969737981,0.853864525,0.882181489,0.374398019,0.416813735,0.139195009,0.775318415
0.132925642,0.783437442,0.100358774,0.451628786,0.817371249,0.764731315,0.688341765,0.661694428,0.73262694,0.577481809
0.025803735,0.42069509,0.959731444,0.713746887,0.375889763,0.160184982,0.357892721,0.939585279,0.280025866,0.401656228
0.224480897,0.558322505,0.087870507,0.922450832,0.003186005,0.507711757,0.700620317,0.898162405,0.779220639,0.452413957
0.799107132,0.825737696,0.403740756,0.417135883,0.24311897,0.186709213,0.697083463,0.423270429,0.826711233,0.503120684
0.460135211,0.95606108,0.436978745,0.779762844,0.604875511,0.955536059,0.00817062,0.51787791,0.706608008,0.449350815
0.980135502,0.132508166,0.064666953,0.650955469,0.242431287,0.795984146,0.937915916,0.20526465,0.795639589,0.661614293
0.233658429,0.273907624,0.107407783,0.15437671,0.554357509,0.893027714,0.444818738,0.725170537,0.934199769,0.890953881
0.311655566,0.45656318,0.47994219,0.802043375,0.457957832,0.373622814,0.14715358,0.011441615,0.688240865,0.968389168
0.161870032,0.455425706,0.264049784,0.524381556,0.491305256,0.409552209,0.269496105,0.804099654,0.789601204,0.195659904
0.224715379,0.425413366,0.741080444,0.54686422,0.65169553,0.769999936,0.772617654,0.564012371,0.000361767,0.978060458
0.296655691,0.300299228,0.821984184,0.215583381,0.141644963,0.005000531,0.098228635,0.650109121,0.810331836,0.777485136
0.936210318,0.372985183,0.247214855,0.376956214,0.49627457,0.622309689,0.823021299,0.969694207,0.259161218,0.297559607
0.7767488,0.200231856,0.416465666,0.714666164,0.240974023,0.545633906,0.82725079,0.901401075,0.306618089,0.074573153
0.902658482,0.171595726,0.813833534,0.398709855,0.873554036,0.915863075,0.723640573,0.68746843,0.996185165,0.665714049
0.112299448,0.228606055,0.589921019,0.078311947,0.176243405,0.383091259,0.348059868,0.44382848,0.650541446,0.92465939
0.64625069,0.81040144,0.473438664,0.54300844,0.422330293,0.664465353,0.372285443,0.202907421,0.779729239,0.011760369
0.273138297,0.462127888,0.035274588,0.776901973,0.812094678,0.962514161,0.994742403,0.861112266,0.732195551,0.496594685
0.055814055,0.019875829,0.820156969,0.934390055,0.200735916,0.647735416,0.126972638,0.228835515,0.193657243,0.842704119
0.935202152,0.675401687,0.579617954,0.733137732,0.693590142,0.397053806,0.736950534,0.946308039,0.466616705,0.775253577
0.296096759,0.913531399,0.848639051,0.382218489,0.9525739,0.564568751,0.490410207,0.780265739,0.408778459,0.57227265
0.250968485,0.948914615,0.402532952,0.256104477,0.361041103,0.608168007,0.705903119,0.872173999,0.828086907,0.866690734
0.655853454,0.563698282,0.504948218,0.299887112,0.90252567,0.441040006,0.093356466,0.860186033,0.616041985,0.366236304
0.739878597,0.808519931,0.291810367,0.618415269,0.5346959,0.877119424,0.852150413,0.120029053,0.354641185,0.4953107
0.022136087,0.69206157,0.962424792,0.41288704,0.468782098,0.960942444,0.550427937,0.746754978,0.905036289,0.392041029
0.152531237,0.382503825,0.798841325,0.51766958,0.184133683,0.996807613,0.155228911,0.51172088,0.253490771,0.623276159
0.707040364,0.547883988,0.347162143,0.235034334,0.715192566,0.061958033,0.360248488,0.471249205,0.510167634,0.755338757
0.720253408,0.520319792,0.16113004,0.413213587,0.448546013,0.27116522,0.815534982,0.640943088,0.527116743,0.679935547
0.161343969,0.668648343,0.879007581,0.194061672,0.174028525,0.669288135,0.778042749,0.390043221,0.463269356,0.39145368
0.57695712,0.121692268,0.497817236,0.953356311,0.436378154,0.296007969,0.594451838,0.363717043,0.80982051,0.298922494
0.85524548,0.494462183,0.183571365,0.251566083,0.460137846,0.899751684,0.197857411,0.54849485,0.863701834,0.406892257
0.75712701,0.871911381,0.72359397,0.158881079,0.898181343,0.793142209,0.087467489,0.302925356,0.264416212,0.767192225
0.916962527,0.05593679,0.332873778,0.20671193,0.074517109,0.514561963,0.435065353,0.879216249,0.133964871,0.548460907
0.712534049,0.05663538,0.515530352,0.335576903,0.811154413,0.585509802,0.629987451,0.660704665,0.623584825,0.493934073
0.271539286,0.623781438,0.928298766,0.849766486,0.496811263,0.121169246,0.176269447,0.478885748,0.785495158,0.175737811
0.214736878,0.362901218,0.835127786,0.926525378,0.807869122,0.060282648,0.663979893,0.976143308,0.864685081,0.6549805
0.195407559,0.562161689,0.747280176,0.625308145,0.954800781,0.296870945,0.729688026,0.306336302,0.6978597,0.215915665
0.81505606,0.407619605,0.37903839,0.879414324,0.824921551,0.83478931,0.751016888,0.457646445,0.001270345,0.802355197
0.090868033,0.454007444,0.362129698,0.125783927,0.546663977,0.291274905,0.605074831,0.489257287,0.638430243,0.807820458
0.049580816,0.673843743,0.550664084,0.493448931,0.554570834,0.624803989,0.636055667,0.288646527,0.553267905,0.868210082
0.090500967,0.078478063,0.302871803,0.874453569,0.644350664,0.558813151,0.591382631,0.864306455,0.746089202,0.550062377
0.109412567,0.832898208,0.450907106,0.110832268,0.552496924,0.114026384,0.657246348,0.012797336,0.513191975,0.235845992
0.136250893,0.576690361,0.692033593,0.503737735,0.183813296,0.28599618,0.755368387,0.227808844,0.839044255,0.002440203
0.771446074,0.998632099,0.930890476,0.645446004,0.930821218,0.65230392,0.82008532,0.920839214,0.497133874,0.204653658
0.92742816,0.334825687,0.512321702,0.717215715,0.068966093,0.967287174,0.350855864,0.483669406,0.909952141,0.182590427
0.135030398,0.962127044,0.645298257,0.971772325,0.648554728,0.327507826,0.120538887,0.482157015,0.460989562,0.286885904
0.231181415,0.517197897,0.155704224,0.561592784,0.637043767,0.648257062,0.818139594,0.397087446,0.399968803,0.195708573
0.320693364,0.755536604,0.337047918,0.095245254,0.080534416,0.159686445,0.279870362,0.164185549,0.527187988,0.7638798
0.997241834,0.686202024,0.326860536,0.016707375,0.004342398,0.382362125,0.866912894,0.62838264,0.289415116,0.047108344
0.172041195,0.492340018,0.497520849,0.605451898,0.340486523,0.34343144,0.383450292,0.678815223,0.66335237,0.703269866
0.6914686,0.503918968,0.692072245,0.673864179,0.764342192,0.594175979,0.093669938,0.665279819,0.581287268,0.160250674
0.755718686,0.685406158,0.589920674,0.642278456,0.72171248,0.876573992,0.945340064,0.357714154,0.425475801,0.660211985
0.326497886,0.998034944,0.571987346,0.685317252,0.116131424,0.328524213,0.434003997,0.824798928,0.269735594,0.16903522
0.018182026,0.180488135,0.816288893,0.357831999,0.5903822,0.770872908,0.794259197,0.436889193,0.174376144,0.461729569
0.574141518,0.722030107,0.637944672,0.416135275,0.068506824,0.189593508,0.928614933,0.700368711,0.739522523,0.568814643
0.74672805,0.795254074,0.148887162,0.716706199,0.444631755,0.585246847,0.052720233,0.925121144,0.719518454,0.966116287
0.089606828,0.986847333,0.415681868,0.975576561,0.675737165,0.133237557,0.35724196,0.767396851,0.86081437,0.455656387
0.588224979,0.72543601,0.522209487,0.659261569,0.300896598,0.118866287,0.237795928,0.047239531,0.95950868,0.893288142
0.024819082,0.189734038,0.745645289,0.048976992,0.098976574,0.420296348,0.091358773,0.25936857,0.237195934,0.493896592
0.094731294,0.793324383,0.494195999,0.706885177,0.791876224,0.412618716,0.46254202,0.909597117,0.231954117,0.264267434
0.842285743,0.029091846,0.882995916,0.17873138,0.088811682,0.480840635,0.51970211,0.667473121,0.245769856,0.181328768
0.259908773,0.972373109,0.242876871,0.222432158,0.669319039,0.449577049,0.407616356,0.364346711,0.483287182,0.009672848
0.517374586,0.602568294,0.505495945,0.2541337,0.133148782,0.376676931,0.021932023,0.757551635,0.716670103,0.346378506
0.01038772,0.74968277,0.788375158,0.089539079,0.419771451,0.323986928,0.099040479,0.693592845,0.659021892,0.608769301
0.975745174,0.269173926,0.641394962,0.874285066,0.614211686,0.529460935,0.139979899,0.94321612,0.588882221,0.856879839
0.662116416,0.014742021,0.415849574,0.29833048,0.545024945,0.157024033,0.34036282,0.254834295,0.766483102,0.087781462
0.458595279,0.132291324,0.25638481,0.586409743,0.904184847,0.914253722,0.137701283,0.984270428,0.537819189,0.59876604
0.769294874,0.83477808,0.710648027,0.182169154,0.089055666,0.60705399,0.307191436,0.710092626,0.839452666,0.966896789
0.192927364,0.155509994,0.722293434,0.757084246,0.881492858,0.881958795,0.937774895,0.339986852,0.383173223,0.378143307
0.831792923,0.364615198,0.119149175,0.227377375,0.282875228,0.187689253,0.979339337,0.199861898,0.64766862,0.754337515
0.892397541,0.166347892,0.678780149,0.098933733,0.014151235,0.30481584,0.542308191,0.567901629,0.532408921,0.900706751
0.975342628,0.078183134,0.023540355,0.705158654,0.98033128,0.367002296,0.712405189,0.456517029,0.799994945,0.920470969
0.411736285,0.421520032,0.579882839,0.550855461,0.890211554,0.204500744,0.80544986,0.595329296,0.250221592,0.891287952
0.152321322,0.068477563,0.919821257,0.431232162,0.313369504,0.044470493,0.114622676,0.120031202,0.88470708,0.310143394
0.245921525,0.609421616,0.677206803,0.269664613,0.795819456,0.302593152,0.907137658,0.222297224,0.078553132,0.644972159
0.334092926,0.910917732,0.796291795,0.41493343,0.330685497,0.994888188,0.180119835,0.590644815,0.640893805,0.9707816
0.745059904,0.446339455,0.928266274,0.559863806,0.397912802,0.455903033,0.146258235,0.756648941,0.95951954,0.538130173
0.962945398,0.95220584,0.822584149,0.810424122,0.129301699,0.990740314,0.838243224,0.43063904,0.68882586,0.006405634
0.861293041,0.604632433,0.338949282,0.833039003,0.121604317,0.172433185,0.788340624,0.048003917,0.480410907,0.182635977
0.939248394,0.913873387,0.654328733,0.717477626,0.149923461,0.563388309,0.356681835,0.116314246,0.676614181,0.480899792
0.604437627,0.599864082,0.486807942,0.800966536,0.183044625,0.987536583,0.149391282,0.702433534,0.790674088,0.426352268
0.833403303,0.16827616,0.152329721,0.190425092,0.934607968,0.213898072,0.604930162,0.73178087,0.82624676,0.857621426
0.683204686,0.374558612,0.867531924,0.063586362,0.49028602,0.77311046,0.360460311,0.005491942,0.062358654,0.886985273
0.690836117,0.643388904,0.020811881,0.49651701,0.657533267,0.332714055,0.315471151,0.391212931,0.842335851,0.919161826
0.01060901,0.280317819,0.971495716,0.301890835,0.076455792,0.446539312,0.001896075,0.010985017,0.091194801,0.638396163
0.832746964,0.872272357,0.508735838,0.695057172,0.045741316,0.35936838,0.424513443,0.88046772,0.630290512,0.975748998
0.76118439,0.965985064,0.381311931,0.32844306,0.074586352,0.366014973,0.021035248,0.558114433,0.561945872,0.398087813
0.763183534,0.412331981,0.77348345,0.150171491,0.264863601,0.628714391,0.295057668,0.991742957,0.491777625,0.933569902
0.323774071,0.21794251,0.872013848,0.978935128,0.554507612,0.430624825,0.112047686,0.662111247,0.092022651,0.101413033
0.277878817,0.231838676,0.078239548,0.078181396,0.046973222,0.971026388,0.728283869,0.977358676,0.535238025,0.341531524
0.209509403,0.827726664,0.668808095,0.182979655,0.188689602,0.420191386,0.935424187,0.853927441,0.425810362,0.722616855
0.644609162,0.555148991,0.123153544,0.514907262,0.466375703,0.296884281,0.786701613,0.884559212,0.090287774,0.213935288
0.941381038,0.194285098,0.635575805,0.387654025,0.071905783,0.153005758,0.607056136,0.113194092,0.593575641,0.251490185
0.371784563,0.36429423,0.133343779,0.610986205,0.746543224,0.700437364,0.062335771,0.470889474,0.811733849,0.001316553
0.651246568,0.874480098,0.991600567,0.057946118,0.51549348,0.704013567,0.909377484,0.128230441,0.268704319,0.511131413
0.945154206,0.234371109,0.512978886,0.108829235,0.104735211,0.580054619,0.376576917,0.751865357,0.391356583,0.587987183
0.532558722,0.253513953,0.390737193,0.906709293,0.750122829,0.422894458,0.103444045,0.581165637,0.509856795,0.65243348
0.96683299,0.270255225,0.025587194,0.770999007,0.197847232,0.9474285,0.727769204,0.957005344,0.816226459,0.372670657
0.832362493,0.930382907,0.79277045,0.94795747,0.535712609,0.299780406,0.128440382,0.732175826,0.743639798,0.575110848
0.651855917,0.320058469,0.093107798,0.295241644,0.494277624,0.995435174,0.855812203,0.273089928,0.378769717,0.702135382
0.312059085,0.383098069,0.062935967,0.223550086,0.033599695,0.369419226,0.93333212,0.434182144,0.52004702,0.315645963
0.622162289,0.166576685,0.527157217,0.106213433,0.257537979,0.320490967,0.99668785,0.882232295,0.036023667,0.344909499
0.221511456,0.905575795,0.545910989,0.775695484,0.449920409,0.167919228,0.59845004,0.725212955,0.587323628,0.802698546
0.39218388,0.320771312,0.688523379,0.368721194,0.070273097,0.087742824,0.783470068,0.260428485,0.789382159,0.480321592
0.82808119,0.893040183,0.407084993,0.638178482,0.189342363,0.616754428,0.743778438,0.176306216,0.873034455,0.661406405
0.521974034,0.037147421,0.322963119,0.847779552,0.244598714,0.648194213,0.522654899,0.689297311,0.249972615,0.742605775
0.524059877,0.319087704,0.017961867,0.863845025,0.178594452,0.183174056,0.472567083,0.807676095,0.116800973,0.688941892
0.087980706,0.873769519,0.836546386,0.224096893,0.454048575,0.099705411,0.675377222,0.210986629,0.235894576,0.070361408
0.051761511,0.149662373,0.238673137,0.366490139,0.054584232,0.742152668,0.848066608,0.535206097,0.887774589,0.567798156
0.448777438,0.077159656,0.277259249,0.070307292,0.881061843,0.684498518,0.744987667,0.142782772,0.672050885,0.023664529
0.945281992,0.432388183,0.356738803,0.582045031,0.54742945,0.696195057,0.169581758,0.717141946,0.70196944,0.902139262
0.698632955,0.847182668,0.285449009,0.183143299,0.972031287,0.863346253,0.644029686,0.637646489,0.958006948,0.169517194
0.902987193,0.809888625,0.339442573,0.175064141,0.197238512,0.266133011,0.036043396,0.708325177,0.066001522,0.258324761
0.044179739,0.536047453,0.662131335,0.158539665,0.559540126,0.384859292,0.879478709,0.854468029,0.130950846,0.716424249
0.589308787,0.857096552,0.863783262,0.568657166,0.577136993,0.012013747,0.730253809,0.970459457,0.964498676,0.246165837
0.99456165,0.86618789,0.205752153,0.880532197,0.709693632,0.197711682,0.704897853,0.379281447,0.290914089,0.461435513
0.589352166,0.977178231,0.004053455,0.505293399,0.332923958,0.529381029,0.330826308,0.689915404,0.410402859,0.580311404
0.474206628,0.242913545,0.4176628,0.166256812,0.168724023,0.094760386,0.90329302,0.134486182,0.283890248,0.865769069
0.469019956,0.309213761,0.033512376,0.569416387,0.459760676,0.097346003,0.280353916,0.754142519,0.908686274,0.754140792
0.248013044,0.380461166,0.11787342,0.25872266,0.995169187,0.401191472,0.320651159,0.1613185,0.678662358,0.418640265
0.700599643,0.454066044,0.804468548,0.011488079,0.766307449,0.946496676,0.119730681,0.965270915,0.838507347,0.967538186
0.471712646,0.466938976,0.093653613,0.537181625,0.326138284,0.907363648,0.999445166,0.56147068,0.815259078,0.986933574
0.988259777,0.418899024,0.553777449,0.477048842,0.894949401,0.363440027,0.343931924,0.490439114,0.695152783,0.926426344
0.737669621,0.437359983,0.203002861,0.310716357,0.229907186,0.418030182,0.615166166,0.727645716,0.358200633,0.179580153
0.788461922,0.222649755,0.320104199,0.231895633,0.681088769,0.616525029,0.871840779,0.916735453,0.173417461,0.202366096
0.573027096,0.290230146,0.196775628,0.317766921,0.290299647,0.551810186,0.050509077,0.97759256,0.081052981,0.021575286
0.708033406,0.987510834,0.881475299,0.954807569,0.567699229,0.866068272,0.688408276,0.405423493,0.542796551,0.497594203
0.938366016,0.900925153,0.801948709,0.752786162,0.139379883,0.726583728,0.44697383,0.565350482,0.657222436,0.459630247
0.864041182,0.044163992,0.077229554,0.3957289,0.15193068,0.542232588,0.191208212,0.901620754,0.291584116,0.057944022
0.20486093,0.623295802,0.553112819,0.737425309,0.518993539,0.898948175,0.843936547,0.88032167,0.625515304,0.583786018
0.866610929,0.807654767,0.495380607,0.092717619,0.381388327,0.160592366,0.110906916,0.072426928,0.924697803,0.278439381
0.14448274,0.371008177,0.50545256,0.470761338,0.026035547,0.97644772,0.600211808,0.142447855,0.746723862,0.292878812
0.494778564,0.419264736,0.497351537,0.671779831,0.096546642,0.38594165,0.414368946,0.582483887,0.078102034,0.154446741
0.232098337,0.225850966,0.358344522,0.34002331,0.878927574,0.438130957,0.955777013,0.77334038,0.835550336,0.171246748
0.420655322,0.51703185,0.649430023,0.005779977,0.107123223,0.753546698,0.41276258,0.320881293,0.093035666,0.319031395
0.73754742,0.168018541,0.43268667,0.284275663,0.640017207,0.356738695,0.903265732,0.978788076,0.549773513,0.351313771
0.329495851,0.351511442,0.849364497,0.373586596,0.389535785,0.597890082,0.64670949,0.194850675,0.780590692,0.205243221
0.825656503,0.115417558,0.161118702,0.6158093,0.650067259,0.160582528,0.801427925,0.812518866,0.989206557,0.317479425
0.541115303,0.676145861,0.156185043,0.659021358,0.092560218,0.468290278,0.740033934,0.994216927,0.82470279,0.675760232
0.44212576,0.422573643,0.335752762,0.018997126,0.764046823,0.721245153,0.227085742,0.254914176,0.960197732,0.157186038
0.637396353,0.475148412,0.49344569,0.408533622,0.79940658,0.923783029,0.352091813,0.930910955,0.378881377,0.182981805
0.7307632,0.589788679,0.081692096,0.774897028,0.91250906,0.620216067,0.323105401,0.192646199,0.237919337,0.529661944
0.55663258,0.906208812,0.295944898,0.739850663,0.862030288,0.456676932,0.625420644,0.19383132,0.229064523,0.476060764
0.865148248,0.128500517,0.768734511,0.128312984,0.689699122,0.87523449,0.51709679,0.893963327,0.536218591,0.119492884
0.871929524,0.452768502,0.314234,0.726904919,0.540876705,0.074237042,0.052856996,0.865344403,0.715533654,0.661614172
0.401599872,0.153225713,0.510118573,0.757055653,0.758072075,0.028849774,0.256774117,0.794640436,0.687427027,0.172408275
0.17961154,0.320789606,0.709977468,0.72275285,0.239513679,0.047002411,0.349837378,0.512457965,0.971254551,0.639607112
0.872716225,0.214994049,0.837094474,0.97604694,0.490826523,0.845879817,0.054365071,0.298993302,0.895299764,0.903812297
0.345750065,0.119314244,0.801483164,0.937119316,0.106382285,0.427869279,0.402358427,0.575406724,0.178598901,0.687215378
0.137405606,0.788982717,0.360098417,0.023574572,0.242416529,0.457996296,0.757477953,0.32890119,0.968980742,0.539253879
0.972970304,0.340081877,0.726197461,0.989127705,0.268871743,0.596945768,0.240015699,0.493058498,0.183450319,0.175840496
0.391048985,0.843293536,0.07089531,0.574080897,0.74564095,0.689109255,0.546879828,0.956064573,0.371558658,0.215294087
0.695955913,0.814529856,0.17067273,0.521407941,0.852457161,0.216062056,0.804590228,0.954544817,0.230359846,0.200192122
0.127186799,0.018822678,0.687569169,0.568911434,0.381979662,0.766979098,0.393516806,0.998318593,0.877954193,0.254447845
0.762241303,0.379900101,0.961568685,0.571396403,0.882674802,0.631152244,0.484387764,0.897813267,0.775754661,0.514455454
0.89951086,0.238015627,0.62804549,0.174969492,0.95388215,0.937308335,0.074393502,0.38303186,0.956208379,0.799216106
0.252165742,0.22234432,0.178399887,0.373284823,0.739127308,0.803522582,0.47453168,0.568440043,0.484174243,0.483900161
0.541819022,0.895760803,0.712552326,0.336564871,0.901598624,0.456164158,0.041368041,0.229344651,0.604898282,0.701054486
0.095086605,0.35077771,0.854218687,0.633796568,0.594374098,0.857351438,0.701603795,0.577652736,0.324328384,0.392632881
0.293797275,0.28741497,0.232500071,0.204614013,0.123280445,0.02480106,0.107004941,0.660052804,0.185058253,0.078483625
0.063759832,0.185812601,0.342679145,0.165470799,0.278605276,0.396956291,0.293544428,0.617349111,0.960691533,0.768413861
0.252286314,0.091499291,0.933736112,0.71513294,0.22263376,0.300778568,0.468507904,0.549063744,0.268609592,0.37677707
0.787343085,0.765776142,0.268019455,0.293918373,0.579924513,0.100938375,0.775031656,0.532487952,0.150455976,0.037155158
0.617493967,0.23417907,0.152332802,0.907897458,0.791465199,0.515684851,0.362479192,0.435180093,0.859614392,0.895264794
0.813382909,0.090043448,0.407975824,0.141151589,0.396335265,0.0162645,0.878585583,0.24071391,0.468847322,0.130274322
0.378176323,0.613772865,0.401901912,0.740283064,0.378196086,0.815565813,0.510293783,0.228262723,0.096043725,0.338831017
0.22925328,0.946118244,0.093825561,0.142427174,0.645138606,0.978768464,0.544605027,0.553957472,0.109800447,0.648211741
0.994330526,0.845320395,0.872194424,0.889625207,0.27322483,0.243131363,0.875410188,0.417304132,0.939655162,0.542408984
0.744090373,0.641608812,0.272915286,0.566666321,0.328883152,0.447330889,0.27644725,0.270318977,0.757198745,0.714541267
0.788909103,0.22849073,0.674680391,0.771116679,0.320229915,0.64557287,0.863370034,0.974592949,0.460769956,0.693400894
0.959289403,0.023713394,0.611458819,0.966122469,0.918303875,0.900499496,0.697142662,0.575515141,0.904230591,0.815322503
0.925311925,0.215380988,0.222778646,0.695706694,0.483215781,0.587323092,0.927694782,0.208531753,0.356200587,0.336357317
0.053612606,0.217247214,0.082671939,0.951474278,0.845179924,0.98578855,0.040010098,0.704787537,0.757978044,0.692476644
0.657517331,0.319495791,0.626877455,0.185960904,0.029771176,0.571647429,0.43173911,0.091183062,0.346671009,0.374961466
0.35907722,0.483525079,0.85199253,0.293840679,0.466068584,0.949237346,0.026547353,0.032217106,0.853032316,0.54230419
0.599761952,0.650850851,0.110893056,0.84943009,0.222794238,0.45409994,0.703437277,0.493594979,0.72135793,0.642852691
0.887185755,0.682974135,0.766817977,0.50444299,0.95422212,0.213013367,0.88978532,0.920061669,0.991150947,0.600317501
0.492237208,0.506435313,0.655652043,0.537226464,0.570382407,0.259768724,0.342572309,0.423627022,0.65883749,0.081986776
0.868282712,0.491861868,0.60500399,0.479492792,0.999843679,0.875211973,0.953415269,0.382464008,0.196794926,0.568445482
0.619775757,0.025414746,0.48517491,0.841999474,0.794045683,0.03307378,0.559498231,0.486549679,0.807507522,0.73345561
0.254492204,0.636218256,0.433108269,0.142154984,0.585582929,0.528362009,0.616804072,0.63834766,0.440218276,0.657011879
0.329569572,0.269904589,0.035685681,0.231124758,0.662695988,0.675570883,0.693941176,0.09941402,0.428910515,0.455883505
0.024375804,0.880497785,0.181019667,0.464980413,0.255986973,0.306359659,0.818936405,0.187807125,0.368607746,0.698161245
0.857877126,0.928009983,0.895928197,0.860900795,0.030007622,0.476791183,0.35062127,0.781074757,0.759504657,0.774811135
0.428162958,0.662559459,0.28077943,0.658000536,0.278368952,0.997904943,0.101164668,0.767730237,0.468233372,0.307171045
0.503870036,0.077281185,0.233354594,0.698315757,0.431350861,0.490038524,0.266870032,0.260460518,0.362415097,0.133387865
0.82516523,0.891287449,0.206825246,0.40350635,0.14516538,0.628641746,0.520335014,0.462977688,0.424787522,0.856473242
0.389496578,0.380477689,0.367558349,0.195424414,0.46502753,0.664691297,0.977054629,0.6111427,0.860275459,0.433334251
0.512413805,0.779135772,0.472261254,0.406337612,0.497044702,0.944955831,0.851380233,0.408819752,0.753199018,0.240679482
0.400741858,0.656552244,0.271100692,0.009525882,0.668570971,0.292505402,0.026441615,0.563343669,0.365207353,0.629842323
0.095041664,0.908714484,0.881405855,0.129047161,0.911863923,0.394596972,0.16966568,0.054577564,0.211456074,0.170615974
0.679051254,0.875021004,0.675329378,0.399496659,0.311887439,0.604069095,0.839529347,0.527154473,0.230500074,0.621577515
0.941861194,0.102577693,0.889727127,0.147648208,0.693911069,0.56584538,0.564290287,0.831623494,0.383158038,0.825030454
0.915797567,0.975507867,0.864164341,0.454992497,0.947884036,0.59075295,0.894766388,0.120182483,0.06657496,0.163143445
0.292188677,0.097221105,0.776959753,0.519931251,0.06334691,0.870750895,0.796580454,0.712339993,0.452307531,0.418337573
0.952165167,0.885829644,0.122524275,0.181701157,0.256537525,0.144280708,0.852542424,0.727805091,0.18003969,0.573191045
0.268568795,0.109000228,0.272801161,0.497105765,0.983807614,0.750143691,0.138584377,0.932094367,0.760065789,0.324215433
0.143061981,0.559533881,0.089325182,0.308465049,0.459758673,0.146785491,0.425896592,0.571367724,0.616226997,0.547093513
0.931500844,0.137457582,0.680898662,0.287993863,0.831241786,0.289817759,0.017668933,0.610939742,0.374528359,0.202005795
0.571730402,0.684699005,0.246841952,0.696984629,0.593607883,0.150906756,0.837225953,0.327479555,0.684547505,0.276235328
0.93218489,0.723937588,0.858660285,0.12161473,0.004977304,0.247395224,0.606468154,0.908644472,0.109609128,0.003788378
0.035679346,0.581874491,0.563847228,0.939551044,0.448072576,0.156943881,0.860639087,0.280171613,0.204241346,0.707865241
0.76305868,0.287422283,0.630038185,0.681801158,0.95180114,0.718617695,0.068122431,0.588342773,0.923343138,0.658372237
0.222912651,0.649191072,0.19297652,0.62990844,0.616289369,0.539673362,0.689412869,0.180150274,0.310543563,0.276410988
0.957531859,0.407311563,0.093805072,0.169090584,0.187430824,0.330763349,0.204386702,0.054130664,0.306889363,0.078537375
0.000444901,0.289344418,0.544492535,0.079205145,0.078141765,0.922611449,0.150705332,0.709716626,0.586760959,0.789049798
0.1749085,0.014407976,0.56221455,0.821596211,0.622918277,0.083225237,0.108052532,0.087399084,0.082844913,0.031724382
0.575196756,0.079106134,0.105169132,0.540212004,0.199156173,0.699701883,0.948530524,0.868324578,0.355377508,0.923171813
0.435493984,0.112358344,0.266460404,0.510923278,0.346917687,0.615944201,0.205833364,0.617011707,0.336505504,0.609494678
0.77757359,0.346417411,0.586132717,0.707330416,0.138474268,0.328854791,0.435799201,0.392505137,0.570507527,0.39535883
0.211676595,0.335018077,0.42350287,0.693116994,0.317795186,0.54274626,0.829746637,0.005761952,0.677754544,0.780242557
0.86986264,0.684538131,0.090759456,0.335027455,0.344193109,0.048773537,0.71768026,0.396996476,0.882726263,0.699905364
0.298513458,0.800816324,0.196037758,0.038978097,0.621042936,0.085540922,0.850009162,0.25914603,0.211252624,0.101493225
0.323400009,0.989303833,0.967662279,0.684031322,0.60061889,0.628396363,0.883855543,0.85772162,0.658107108,0.38039747
0.737040159,0.983670773,0.648946634,0.128411438,0.474688748,0.979543855,0.12867078,0.306226426,0.108793517,0.48559142
0.360574375,0.267948452,0.964075656,0.029049686,0.165302896,0.023715373,0.272041451,0.311021422,0.339987341,0.050608548
0.980756686,0.047541834,0.163571315,0.374116586,0.792227903,0.182117479,0.197153663,0.688312441,0.86417198,0.040212428
0.773805673,0.619968739,0.439290988,0.0524134,0.297436624,0.082497411,0.146841282,0.389383081,0.247413938,0.935211681
0.905643313,0.283814703,0.219705276,0.36892152,0.85343334,0.155565635,0.812726473,0.58334281,0.761727917,0.992773534
0.777107046,0.980661728,0.102809239,0.073979112,0.40931822,0.944772937,0.507821232,0.444551352,0.065238991,0.108976116
0.659364242,0.569845293,0.781792548,0.02289827,0.388426449,0.859776177,0.923759008,0.316654933,0.876570005,0.163909342
0.091887389,0.815691026,0.042653473,0.781522755,0.026505613,0.405218264,0.743905613,0.1631581,0.349775095,0.617455583
0.996782583,0.472287284,0.214186798,0.757393947,0.955531205,0.253472344,0.654622327,0.314331873,0.382611847,0.765528944
0.514999334,0.831534708,0.447378939,0.418965058,0.140607299,0.772951893,0.920420538,0.751574413,0.082932443,0.255728501
0.607381556,0.156741564,0.871815739,0.998882847,0.188180686,0.00799239,0.910053343,0.725135829,0.568341724,0.456449122
0.694841355,0.336075869,0.522021644,0.370547661,0.191036124,0.240989301,0.32764157,0.964426129,0.799688467,0.558264279
0.940053961,0.988898125,0.008822759,0.405674466,0.565347347,0.786457567,0.780800405,0.534161146,0.223178653,0.675009721
0.403171246,0.399825734,0.458343598,0.496913571,0.471526237,0.599498303,0.976407049,0.444157263,0.991221437,0.225197643
0.754260413,0.24461467,0.279090091,0.164838627,0.361495092,0.281595747,0.006310889,0.896056811,0.491079152,0.116834659
0.05323176,0.729853724,0.725668157,0.296971482,0.120677254,0.879465427,0.392621358,0.083184206,0.088624538,0.400158957
0.001502979,0.475702189,0.229351466,0.861806769,0.449413711,0.907757596,0.164289626,0.387387078,0.422388417,0.538942704
0.55986982,0.730872477,0.910319313,0.100337305,0.833030831,0.757944707,0.097692055,0.782312319,0.809074624,0.526921113
0.054050625,0.866375415,0.199784501,0.565878569,0.119937841,0.389103889,0.563025951,0.798243221,0.479253521,0.45444928
0.622583082,0.450946502,0.553567563,0.288560866,0.994532173,0.684772625,0.521553635,0.76141821,0.895154861,0.792922309
0.654375673,0.569520924,0.799351987,0.257116675,0.219662163,0.412632383,0.927662784,0.550402509,0.414369897,0.958856304
